{
  "objects": [
    {
      "id": 1,
      "label": "couch",
      "position_world": [
        1.985560655593872,
        -2.996030569076538,
        0.7291095852851868
      ],
      "distance_m": 3.6068177223205566,
      "observations": 10,
      "representative_frame_index": 3,
      "representative_bbox_xyxy": [
        28,
        334,
        143,
        540
      ],
      "representative_score": 0.864472508430481,
      "aggregated_bbox_xyxy": [
        28,
        313,
        351,
        540
      ],
      "average_score": 0.745591402053833,
      "sprite_file": null
    },
    {
      "id": 2,
      "label": "couch",
      "position_world": [
        1.384657859802246,
        -2.996030569076538,
        4.202207088470459
      ],
      "distance_m": 4.487688064575195,
      "observations": 4,
      "representative_frame_index": 3,
      "representative_bbox_xyxy": [
        231,
        402,
        351,
        638
      ],
      "representative_score": 0.7707130908966064,
      "aggregated_bbox_xyxy": [
        62,
        283,
        351,
        639
      ],
      "average_score": 0.6368710994720459,
      "sprite_file": null
    },
    {
      "id": 3,
      "label": "chair",
      "position_world": [
        1.0751221179962158,
        -2.996030569076538,
        4.179828643798828
      ],
      "distance_m": 4.44279146194458,
      "observations": 3,
      "representative_frame_index": 1,
      "representative_bbox_xyxy": [
        104,
        284,
        351,
        638
      ],
      "representative_score": 0.7097155451774597,
      "aggregated_bbox_xyxy": [
        62,
        282,
        351,
        639
      ],
      "average_score": 0.6864466667175293,
      "sprite_file": null
    },
    {
      "id": 4,
      "label": "couch",
      "position_world": [
        0.834894061088562,
        -2.996030569076538,
        -6.749080657958984
      ],
      "distance_m": 2.8804290294647217,
      "observations": 3,
      "representative_frame_index": 15,
      "representative_bbox_xyxy": [
        60,
        279,
        263,
        497
      ],
      "representative_score": 0.9098255634307861,
      "aggregated_bbox_xyxy": [
        24,
        279,
        263,
        497
      ],
      "average_score": 0.8440307974815369,
      "sprite_file": null
    }
  ],
  "tracks": [
    {
      "id": 1,
      "label": "couch",
      "average_score": 0.745591402053833,
      "aggregated_bbox_xyxy": [
        28,
        313,
        351,
        540
      ],
      "samples": [
        {
          "frame_index": 3,
          "position_world": [
            1.4886318445205688,
            0.7694201469421387,
            3.473280906677246
          ],
          "distance_m": 3.5483676961258315,
          "score": 0.864472508430481,
          "bbox_xyxy": [
            28,
            334,
            143,
            540
          ]
        },
        {
          "frame_index": 4,
          "position_world": [
            1.7167694568634033,
            0.6599817872047424,
            2.866643190383911
          ],
          "distance_m": 3.4825739741190342,
          "score": 0.8237764835357666,
          "bbox_xyxy": [
            62,
            331,
            179,
            537
          ]
        },
        {
          "frame_index": 5,
          "position_world": [
            1.8836888074874878,
            0.6053988933563232,
            2.2663838863372803
          ],
          "distance_m": 3.5709938244427013,
          "score": 0.7964537739753723,
          "bbox_xyxy": [
            95,
            328,
            217,
            530
          ]
        },
        {
          "frame_index": 6,
          "position_world": [
            1.940932273864746,
            0.5200183987617493,
            1.6804178953170776
          ],
          "distance_m": 3.6081175616771697,
          "score": 0.7126227617263794,
          "bbox_xyxy": [
            113,
            328,
            246,
            526
          ]
        },
        {
          "frame_index": 7,
          "position_world": [
            1.9505712985992432,
            0.4215882420539856,
            1.017794132232666
          ],
          "distance_m": 3.6055178688115377,
          "score": 0.6113710999488831,
          "bbox_xyxy": [
            185,
            330,
            316,
            530
          ]
        },
        {
          "frame_index": 8,
          "position_world": [
            2.020550012588501,
            0.2874939441680908,
            0.4404250383377075
          ],
          "distance_m": 3.3994169072667595,
          "score": 0.6453776955604553,
          "bbox_xyxy": [
            149,
            322,
            280,
            485
          ]
        },
        {
          "frame_index": 9,
          "position_world": [
            2.1997480392456055,
            0.18006813526153564,
            -0.17062340676784515
          ],
          "distance_m": 3.620682883399351,
          "score": 0.8489289879798889,
          "bbox_xyxy": [
            160,
            315,
            294,
            488
          ]
        },
        {
          "frame_index": 10,
          "position_world": [
            2.408839464187622,
            0.1013346016407013,
            -0.7972079515457153
          ],
          "distance_m": 3.7023676648095294,
          "score": 0.8126047253608704,
          "bbox_xyxy": [
            186,
            315,
            319,
            479
          ]
        },
        {
          "frame_index": 11,
          "position_world": [
            2.6070356369018555,
            0.048197075724601746,
            -1.465665340423584
          ],
          "distance_m": 3.735907195525583,
          "score": 0.8058965802192688,
          "bbox_xyxy": [
            217,
            315,
            348,
            479
          ]
        },
        {
          "frame_index": 12,
          "position_world": [
            2.660875082015991,
            -0.018423443660140038,
            -2.0982699394226074
          ],
          "distance_m": 3.78213721467728,
          "score": 0.5344091653823853,
          "bbox_xyxy": [
            272,
            313,
            351,
            477
          ]
        }
      ]
    },
    {
      "id": 2,
      "label": "couch",
      "average_score": 0.6368710994720459,
      "aggregated_bbox_xyxy": [
        62,
        283,
        351,
        639
      ],
      "samples": [
        {
          "frame_index": 0,
          "position_world": [
            0.28013747930526733,
            1.4393270015716553,
            4.17308235168457
          ],
          "distance_m": 4.4232064770600505,
          "score": 0.5009162425994873,
          "bbox_xyxy": [
            62,
            283,
            332,
            638
          ]
        },
        {
          "frame_index": 1,
          "position_world": [
            1.0750865936279297,
            1.4612224102020264,
            4.179388999938965
          ],
          "distance_m": 4.442700323867171,
          "score": 0.5988060235977173,
          "bbox_xyxy": [
            104,
            285,
            351,
            639
          ]
        },
        {
          "frame_index": 2,
          "position_world": [
            1.6942291259765625,
            1.5120280981063843,
            4.421132564544678
          ],
          "distance_m": 4.532676195475442,
          "score": 0.6770489811897278,
          "bbox_xyxy": [
            160,
            286,
            351,
            639
          ]
        },
        {
          "frame_index": 3,
          "position_world": [
            2.1769418716430664,
            1.572493553161621,
            4.225025177001953
          ],
          "distance_m": 4.832014008301752,
          "score": 0.7707130908966064,